county_id,county_name,year,production_t,harvested_area_ha,active_yield_t_per_ha,label_method,reconciliation_status,source_vintage,source_snapshot_id,provisional,split,usable_for_modelling
baringo,Baringo,2012,71866.62,39753.0,1.80782884311,reported,consistent,nipfn-workbook-2012-2020,snapshot://raw/nipfn-maize-2012-2020/15a47b6fdc634fab7a69cd7576974d2f9eeb550218389d4a1526dd8123a92ab8.xlsx,false,train,true
bomet,Bomet,2012,73277.82,32697.0,2.24111753372,reported,consistent,nipfn-workbook-2012-2020,snapshot://raw/nipfn-maize-2012-2020/15a47b6fdc634fab7a69cd7576974d2f9eeb550218389d4a1526dd8123a92ab8.xlsx,false,train,true
bungoma,Bungoma,2012,262381.05,96209.0,2.72719859888,reported,consistent,nipfn-workbook-2012-2020,snapshot://raw/nipfn-maize-2012-2020/15a47b6fdc634fab7a69cd7576974d2f9eeb550218389d4a1526dd8123a92ab8.xlsx,false,train,true
busia,Busia,2012,72400.48,44793.0,1.61631371018,reported,consistent,nipfn-workbook-2012-2020,snapshot://raw/nipfn-maize-2012-2020/15a47b6fdc634fab7a69cd7576974d2f9eeb550218389d4a1526dd8123a92ab8.xlsx,false,train,true
elgeyo_marakwet,Elgeyo Marakwet,2012,87150.06,32610.0,2.6728015946,reported,consistent,nipfn-workbook-2012-2020,snapshot://raw/nipfn-maize-2012-2020/15a47b6fdc634fab7a69cd7576974d2f9eeb550218389d4a1526dd8123a92ab8.xlsx,false,train,true
embu,Embu,2012,107027.82,42925.0,2.49336808387,reported,consistent,nipfn-workbook-2012-2020,snapshot://raw/nipfn-maize-2012-2020/15a47b6fdc634fab7a69cd7576974d2f9eeb550218389d4a1526dd8123a92ab8.xlsx,false,train,true
garissa,Garissa,2012,149.49,90.0,1.6609999999999998,reported,consistent,nipfn-workbook-2012-2020,snapshot://raw/nipfn-maize-2012-2020/15a47b6fdc634fab7a69cd7576974d2f9eeb550218389d4a1526dd8123a92ab8.xlsx,false,train,true
homa_bay,Homa Bay,2012,131342.89,63927.0,2.05449997654,reported,consistent,nipfn-workbook-2012-2020,snapshot://raw/nipfn-maize-2012-2020/15a47b6fdc634fab7a69cd7576974d2f9eeb550218389d4a1526dd8123a92ab8.xlsx,false,train,true
isiolo,Isiolo,2012,627.85,608.0,1.03264802632,reported,consistent,nipfn-workbook-2012-2020,snapshot://raw/nipfn-maize-2012-2020/15a47b6fdc634fab7a69cd7576974d2f9eeb550218389d4a1526dd8123a92ab8.xlsx,false,train,true
kajiado,Kajiado,2012,25523.4,19603.0,1.3020109167,reported,consistent,nipfn-workbook-2012-2020,snapshot://raw/nipfn-maize-2012-2020/15a47b6fdc634fab7a69cd7576974d2f9eeb550218389d4a1526dd8123a92ab8.xlsx,false,train,true
kakamega,Kakamega,2012,217548.91,86329.0,2.52000162286,reported,consistent,nipfn-workbook-2012-2020,snapshot://raw/nipfn-maize-2012-2020/15a47b6fdc634fab7a69cd7576974d2f9eeb550218389d4a1526dd8123a92ab8.xlsx,false,train,true
kericho,Kericho,2012,114298.73,42982.0,2.65920711088,reported,consistent,nipfn-workbook-2012-2020,snapshot://raw/nipfn-maize-2012-2020/15a47b6fdc634fab7a69cd7576974d2f9eeb550218389d4a1526dd8123a92ab8.xlsx,false,train,true
kiambu,Kiambu,2012,80927.47,30970.0,2.61373845657,reported,consistent,nipfn-workbook-2012-2020,snapshot://raw/nipfn-maize-2012-2020/15a47b6fdc634fab7a69cd7576974d2f9eeb550218389d4a1526dd8123a92ab8.xlsx,false,train,true
kilifi,Kilifi,2012,34206.98,33064.0,1.03457052988,reported,consistent,nipfn-workbook-2012-2020,snapshot://raw/nipfn-maize-2012-2020/15a47b6fdc634fab7a69cd7576974d2f9eeb550218389d4a1526dd8123a92ab8.xlsx,false,train,true
kirinyaga,Kirinyaga,2012,47835.12,17728.0,2.69832806859,reported,consistent,nipfn-workbook-2012-2020,snapshot://raw/nipfn-maize-2012-2020/15a47b6fdc634fab7a69cd7576974d2f9eeb550218389d4a1526dd8123a92ab8.xlsx,false,train,true
kisii,Kisii,2012,99074.17,45046.0,2.19938818186,reported,consistent,nipfn-workbook-2012-2020,snapshot://raw/nipfn-maize-2012-2020/15a47b6fdc634fab7a69cd7576974d2f9eeb550218389d4a1526dd8123a92ab8.xlsx,false,train,true
kisumu,Kisumu,2012,38518.98,30203.0,1.27532364335,reported,consistent,nipfn-workbook-2012-2020,snapshot://raw/nipfn-maize-2012-2020/15a47b6fdc634fab7a69cd7576974d2f9eeb550218389d4a1526dd8123a92ab8.xlsx,false,train,true
kitui,Kitui,2012,37828.9,38420.0,0.984619468,reported,consistent,nipfn-workbook-2012-2020,snapshot://raw/nipfn-maize-2012-2020/15a47b6fdc634fab7a69cd7576974d2f9eeb550218389d4a1526dd8123a92ab8.xlsx,false,train,true
kwale,Kwale,2012,10963.48,14066.0,0.779441205744,reported,consistent,nipfn-workbook-2012-2020,snapshot://raw/nipfn-maize-2012-2020/15a47b6fdc634fab7a69cd7576974d2f9eeb550218389d4a1526dd8123a92ab8.xlsx,false,train,true
laikipia,Laikipia,2012,89013.72,42155.0,2.11157490215,reported,consistent,nipfn-workbook-2012-2020,snapshot://raw/nipfn-maize-2012-2020/15a47b6fdc634fab7a69cd7576974d2f9eeb550218389d4a1526dd8123a92ab8.xlsx,false,train,true
lamu,Lamu,2012,2838.03,3712.0,0.76455549569,reported,consistent,nipfn-workbook-2012-2020,snapshot://raw/nipfn-maize-2012-2020/15a47b6fdc634fab7a69cd7576974d2f9eeb550218389d4a1526dd8123a92ab8.xlsx,false,train,true
machakos,Machakos,2012,93666.96,68125.0,1.37456102752,reported,consistent,nipfn-workbook-2012-2020,snapshot://raw/nipfn-maize-2012-2020/15a47b6fdc634fab7a69cd7576974d2f9eeb550218389d4a1526dd8123a92ab8.xlsx,false,train,true
makueni,Makueni,2012,52351.26,49200.0,1.0640500000000002,reported,consistent,nipfn-workbook-2012-2020,snapshot://raw/nipfn-maize-2012-2020/15a47b6fdc634fab7a69cd7576974d2f9eeb550218389d4a1526dd8123a92ab8.xlsx,false,train,true
mandera,Mandera,2012,187.26,105.0,1.78342857143,reported,consistent,nipfn-workbook-2012-2020,snapshot://raw/nipfn-maize-2012-2020/15a47b6fdc634fab7a69cd7576974d2f9eeb550218389d4a1526dd8123a92ab8.xlsx,false,train,true
marsabit,Marsabit,2012,547.24,587.0,0.932265758092,reported,consistent,nipfn-workbook-2012-2020,snapshot://raw/nipfn-maize-2012-2020/15a47b6fdc634fab7a69cd7576974d2f9eeb550218389d4a1526dd8123a92ab8.xlsx,false,train,true
meru,Meru,2012,252766.96,88175.0,2.86606294301,reported,consistent,nipfn-workbook-2012-2020,snapshot://raw/nipfn-maize-2012-2020/15a47b6fdc634fab7a69cd7576974d2f9eeb550218389d4a1526dd8123a92ab8.xlsx,false,train,true
migori,Migori,2012,89780.22,44886.0,2.00049347146,reported,consistent,nipfn-workbook-2012-2020,snapshot://raw/nipfn-maize-2012-2020/15a47b6fdc634fab7a69cd7576974d2f9eeb550218389d4a1526dd8123a92ab8.xlsx,false,train,true
mombasa,Mombasa,2012,0.0,0.0,,reported,unusable_division_by_zero,nipfn-workbook-2012-2020,snapshot://raw/nipfn-maize-2012-2020/15a47b6fdc634fab7a69cd7576974d2f9eeb550218389d4a1526dd8123a92ab8.xlsx,false,train,false
muranga,Murang'a,2012,99910.31,38739.0,2.57906192777,reported,consistent,nipfn-workbook-2012-2020,snapshot://raw/nipfn-maize-2012-2020/15a47b6fdc634fab7a69cd7576974d2f9eeb550218389d4a1526dd8123a92ab8.xlsx,false,train,true
nairobi,Nairobi,2012,7088.9,4822.0,1.47011613438,reported,consistent,nipfn-workbook-2012-2020,snapshot://raw/nipfn-maize-2012-2020/15a47b6fdc634fab7a69cd7576974d2f9eeb550218389d4a1526dd8123a92ab8.xlsx,false,train,true
nakuru,Nakuru,2012,353221.74,139938.0,2.5241302534,reported,consistent,nipfn-workbook-2012-2020,snapshot://raw/nipfn-maize-2012-2020/15a47b6fdc634fab7a69cd7576974d2f9eeb550218389d4a1526dd8123a92ab8.xlsx,false,train,true
nandi,Nandi,2012,239058.93,80772.0,2.95967984054,reported,consistent,nipfn-workbook-2012-2020,snapshot://raw/nipfn-maize-2012-2020/15a47b6fdc634fab7a69cd7576974d2f9eeb550218389d4a1526dd8123a92ab8.xlsx,false,train,true
narok,Narok,2012,250577.36,92533.0,2.70838642757,reported,consistent,nipfn-workbook-2012-2020,snapshot://raw/nipfn-maize-2012-2020/15a47b6fdc634fab7a69cd7576974d2f9eeb550218389d4a1526dd8123a92ab8.xlsx,false,train,true
nyamira,Nyamira,2012,69291.37,29826.0,2.32320257493,reported,consistent,nipfn-workbook-2012-2020,snapshot://raw/nipfn-maize-2012-2020/15a47b6fdc634fab7a69cd7576974d2f9eeb550218389d4a1526dd8123a92ab8.xlsx,false,train,true
nyandarua,Nyandarua,2012,127621.61,53079.0,2.4043708412,reported,consistent,nipfn-workbook-2012-2020,snapshot://raw/nipfn-maize-2012-2020/15a47b6fdc634fab7a69cd7576974d2f9eeb550218389d4a1526dd8123a92ab8.xlsx,false,train,true
nyeri,Nyeri,2012,105252.44,40893.0,2.57384733352,reported,consistent,nipfn-workbook-2012-2020,snapshot://raw/nipfn-maize-2012-2020/15a47b6fdc634fab7a69cd7576974d2f9eeb550218389d4a1526dd8123a92ab8.xlsx,false,train,true
samburu,Samburu,2012,2151.79,1425.0,1.51002807018,reported,consistent,nipfn-workbook-2012-2020,snapshot://raw/nipfn-maize-2012-2020/15a47b6fdc634fab7a69cd7576974d2f9eeb550218389d4a1526dd8123a92ab8.xlsx,false,train,true
siaya,Siaya,2012,90251.15,52761.0,1.71018801766,reported,consistent,nipfn-workbook-2012-2020,snapshot://raw/nipfn-maize-2012-2020/15a47b6fdc634fab7a69cd7576974d2f9eeb550218389d4a1526dd8123a92ab8.xlsx,false,train,true
taita_taveta,Taita Taveta,2012,20850.12,14264.0,1.46170863713,reported,consistent,nipfn-workbook-2012-2020,snapshot://raw/nipfn-maize-2012-2020/15a47b6fdc634fab7a69cd7576974d2f9eeb550218389d4a1526dd8123a92ab8.xlsx,false,train,true
tana_river,Tana River,2012,6977.76,4357.0,1.60150562314,reported,consistent,nipfn-workbook-2012-2020,snapshot://raw/nipfn-maize-2012-2020/15a47b6fdc634fab7a69cd7576974d2f9eeb550218389d4a1526dd8123a92ab8.xlsx,false,train,true
tharaka_nithi,Tharaka Nithi,2012,83904.59,32591.0,2.57416433924,reported,consistent,nipfn-workbook-2012-2020,snapshot://raw/nipfn-maize-2012-2020/15a47b6fdc634fab7a69cd7576974d2f9eeb550218389d4a1526dd8123a92ab8.xlsx,false,train,true
trans_nzoia,Trans Nzoia,2012,465368.94,138816.0,3.35235967179,reported,consistent,nipfn-workbook-2012-2020,snapshot://raw/nipfn-maize-2012-2020/15a47b6fdc634fab7a69cd7576974d2f9eeb550218389d4a1526dd8123a92ab8.xlsx,false,train,true
turkana,Turkana,2012,4408.85,4329.0,1.01844421344,reported,consistent,nipfn-workbook-2012-2020,snapshot://raw/nipfn-maize-2012-2020/15a47b6fdc634fab7a69cd7576974d2f9eeb550218389d4a1526dd8123a92ab8.xlsx,false,train,true
uasin_gishu,Uasin Gishu,2012,469665.44,143886.0,3.26414911764,reported,consistent,nipfn-workbook-2012-2020,snapshot://raw/nipfn-maize-2012-2020/15a47b6fdc634fab7a69cd7576974d2f9eeb550218389d4a1526dd8123a92ab8.xlsx,false,train,true
vihiga,Vihiga,2012,74631.3,32336.0,2.3073478476,reported,consistent,nipfn-workbook-2012-2020,snapshot://raw/nipfn-maize-2012-2020/15a47b6fdc634fab7a69cd7576974d2f9eeb550218389d4a1526dd8123a92ab8.xlsx,false,train,true
wajir,Wajir,2012,196.27,171.0,1.14777777778,reported,consistent,nipfn-workbook-2012-2020,snapshot://raw/nipfn-maize-2012-2020/15a47b6fdc634fab7a69cd7576974d2f9eeb550218389d4a1526dd8123a92ab8.xlsx,false,train,true
west_pokot,West Pokot,2012,100029.25,46999.0,2.1283261346,reported,consistent,nipfn-workbook-2012-2020,snapshot://raw/nipfn-maize-2012-2020/15a47b6fdc634fab7a69cd7576974d2f9eeb550218389d4a1526dd8123a92ab8.xlsx,false,train,true
baringo,Baringo,2013,51646.4,34320.0,1.50484848485,reported,consistent,nipfn-workbook-2012-2020,snapshot://raw/nipfn-maize-2012-2020/15a47b6fdc634fab7a69cd7576974d2f9eeb550218389d4a1526dd8123a92ab8.xlsx,false,train,true
bomet,Bomet,2013,85588.82,32641.0,2.62211880764,reported,consistent,nipfn-workbook-2012-2020,snapshot://raw/nipfn-maize-2012-2020/15a47b6fdc634fab7a69cd7576974d2f9eeb550218389d4a1526dd8123a92ab8.xlsx,false,train,true
bungoma,Bungoma,2013,259121.94,97049.0,2.67003266391,reported,consistent,nipfn-workbook-2012-2020,snapshot://raw/nipfn-maize-2012-2020/15a47b6fdc634fab7a69cd7576974d2f9eeb550218389d4a1526dd8123a92ab8.xlsx,false,train,true
busia,Busia,2013,71971.61,44761.0,1.60866843994,reported,consistent,nipfn-workbook-2012-2020,snapshot://raw/nipfn-maize-2012-2020/15a47b6fdc634fab7a69cd7576974d2f9eeb550218389d4a1526dd8123a92ab8.xlsx,false,train,true
elgeyo_marakwet,Elgeyo Marakwet,2013,107877.92,34084.0,3.16463091186,reported,consistent,nipfn-workbook-2012-2020,snapshot://raw/nipfn-maize-2012-2020/15a47b6fdc634fab7a69cd7576974d2f9eeb550218389d4a1526dd8123a92ab8.xlsx,false,train,true
embu,Embu,2013,110249.97,42139.0,2.61635017442,reported,consistent,nipfn-workbook-2012-2020,snapshot://raw/nipfn-maize-2012-2020/15a47b6fdc634fab7a69cd7576974d2f9eeb550218389d4a1526dd8123a92ab8.xlsx,false,train,true
garissa,Garissa,2013,153.84,95.0,1.61936842105,reported,consistent,nipfn-workbook-2012-2020,snapshot://raw/nipfn-maize-2012-2020/15a47b6fdc634fab7a69cd7576974d2f9eeb550218389d4a1526dd8123a92ab8.xlsx,false,train,true
homa_bay,Homa Bay,2013,126822.97,62053.0,2.04378241181,reported,consistent,nipfn-workbook-2012-2020,snapshot://raw/nipfn-maize-2012-2020/15a47b6fdc634fab7a69cd7576974d2f9eeb550218389d4a1526dd8123a92ab8.xlsx,false,train,true
isiolo,Isiolo,2013,706.22,604.0,1.1692384106,reported,consistent,nipfn-workbook-2012-2020,snapshot://raw/nipfn-maize-2012-2020/15a47b6fdc634fab7a69cd7576974d2f9eeb550218389d4a1526dd8123a92ab8.xlsx,false,train,true
kajiado,Kajiado,2013,28177.1,18621.0,1.51318726169,reported,consistent,nipfn-workbook-2012-2020,snapshot://raw/nipfn-maize-2012-2020/15a47b6fdc634fab7a69cd7576974d2f9eeb550218389d4a1526dd8123a92ab8.xlsx,false,train,true
kakamega,Kakamega,2013,216242.58,83867.0,2.57841416624,reported,consistent,nipfn-workbook-2012-2020,snapshot://raw/nipfn-maize-2012-2020/15a47b6fdc634fab7a69cd7576974d2f9eeb550218389d4a1526dd8123a92ab8.xlsx,false,train,true
kericho,Kericho,2013,121456.44,42154.0,2.88125160127,reported,consistent,nipfn-workbook-2012-2020,snapshot://raw/nipfn-maize-2012-2020/15a47b6fdc634fab7a69cd7576974d2f9eeb550218389d4a1526dd8123a92ab8.xlsx,false,train,true
kiambu,Kiambu,2013,85482.4,30939.0,2.76293610071,reported,consistent,nipfn-workbook-2012-2020,snapshot://raw/nipfn-maize-2012-2020/15a47b6fdc634fab7a69cd7576974d2f9eeb550218389d4a1526dd8123a92ab8.xlsx,false,train,true
kilifi,Kilifi,2013,30506.73,31040.0,0.982819909794,reported,consistent,nipfn-workbook-2012-2020,snapshot://raw/nipfn-maize-2012-2020/15a47b6fdc634fab7a69cd7576974d2f9eeb550218389d4a1526dd8123a92ab8.xlsx,false,train,true
kirinyaga,Kirinyaga,2013,54849.25,18764.0,2.92306864208,reported,consistent,nipfn-workbook-2012-2020,snapshot://raw/nipfn-maize-2012-2020/15a47b6fdc634fab7a69cd7576974d2f9eeb550218389d4a1526dd8123a92ab8.xlsx,false,train,true
kisii,Kisii,2013,98227.17,43674.0,2.24954618308,reported,consistent,nipfn-workbook-2012-2020,snapshot://raw/nipfn-maize-2012-2020/15a47b6fdc634fab7a69cd7576974d2f9eeb550218389d4a1526dd8123a92ab8.xlsx,false,train,true
kisumu,Kisumu,2013,36093.85,29617.0,1.21869162981,reported,consistent,nipfn-workbook-2012-2020,snapshot://raw/nipfn-maize-2012-2020/15a47b6fdc634fab7a69cd7576974d2f9eeb550218389d4a1526dd8123a92ab8.xlsx,false,train,true
kitui,Kitui,2013,39262.75,39107.0,1.00398291306,reported,consistent,nipfn-workbook-2012-2020,snapshot://raw/nipfn-maize-2012-2020/15a47b6fdc634fab7a69cd7576974d2f9eeb550218389d4a1526dd8123a92ab8.xlsx,false,train,true
kwale,Kwale,2013,11366.1,14254.0,0.79740914831,reported,consistent,nipfn-workbook-2012-2020,snapshot://raw/nipfn-maize-2012-2020/15a47b6fdc634fab7a69cd7576974d2f9eeb550218389d4a1526dd8123a92ab8.xlsx,false,train,true
laikipia,Laikipia,2013,91670.79,42064.0,2.17932531381,reported,consistent,nipfn-workbook-2012-2020,snapshot://raw/nipfn-maize-2012-2020/15a47b6fdc634fab7a69cd7576974d2f9eeb550218389d4a1526dd8123a92ab8.xlsx,false,train,true
lamu,Lamu,2013,2954.93,3772.0,0.78338504772,reported,consistent,nipfn-workbook-2012-2020,snapshot://raw/nipfn-maize-2012-2020/15a47b6fdc634fab7a69cd7576974d2f9eeb550218389d4a1526dd8123a92ab8.xlsx,false,train,true
machakos,Machakos,2013,92257.42,66470.0,1.38795245976,reported,consistent,nipfn-workbook-2012-2020,snapshot://raw/nipfn-maize-2012-2020/15a47b6fdc634fab7a69cd7576974d2f9eeb550218389d4a1526dd8123a92ab8.xlsx,false,train,true
makueni,Makueni,2013,55488.0,50240.0,1.10445859873,reported,consistent,nipfn-workbook-2012-2020,snapshot://raw/nipfn-maize-2012-2020/15a47b6fdc634fab7a69cd7576974d2f9eeb550218389d4a1526dd8123a92ab8.xlsx,false,train,true
mandera,Mandera,2013,186.75,109.0,1.71330275229,reported,consistent,nipfn-workbook-2012-2020,snapshot://raw/nipfn-maize-2012-2020/15a47b6fdc634fab7a69cd7576974d2f9eeb550218389d4a1526dd8123a92ab8.xlsx,false,train,true
marsabit,Marsabit,2013,579.13,594.0,0.974966329966,reported,consistent,nipfn-workbook-2012-2020,snapshot://raw/nipfn-maize-2012-2020/15a47b6fdc634fab7a69cd7576974d2f9eeb550218389d4a1526dd8123a92ab8.xlsx,false,train,true
meru,Meru,2013,262160.9,88043.0,2.97764569449,reported,consistent,nipfn-workbook-2012-2020,snapshot://raw/nipfn-maize-2012-2020/15a47b6fdc634fab7a69cd7576974d2f9eeb550218389d4a1526dd8123a92ab8.xlsx,false,train,true
migori,Migori,2013,91808.19,45180.0,2.03293824679,reported,consistent,nipfn-workbook-2012-2020,snapshot://raw/nipfn-maize-2012-2020/15a47b6fdc634fab7a69cd7576974d2f9eeb550218389d4a1526dd8123a92ab8.xlsx,false,train,true
mombasa,Mombasa,2013,0.0,0.0,,reported,unusable_division_by_zero,nipfn-workbook-2012-2020,snapshot://raw/nipfn-maize-2012-2020/15a47b6fdc634fab7a69cd7576974d2f9eeb550218389d4a1526dd8123a92ab8.xlsx,false,train,false
muranga,Murang'a,2013,100389.64,38515.0,2.60754770868,reported,consistent,nipfn-workbook-2012-2020,snapshot://raw/nipfn-maize-2012-2020/15a47b6fdc634fab7a69cd7576974d2f9eeb550218389d4a1526dd8123a92ab8.xlsx,false,train,true
nairobi,Nairobi,2013,7300.41,4908.0,1.48745110024,reported,consistent,nipfn-workbook-2012-2020,snapshot://raw/nipfn-maize-2012-2020/15a47b6fdc634fab7a69cd7576974d2f9eeb550218389d4a1526dd8123a92ab8.xlsx,false,train,true
nakuru,Nakuru,2013,355874.83,137602.0,2.58626349908,reported,consistent,nipfn-workbook-2012-2020,snapshot://raw/nipfn-maize-2012-2020/15a47b6fdc634fab7a69cd7576974d2f9eeb550218389d4a1526dd8123a92ab8.xlsx,false,train,true
nandi,Nandi,2013,242743.62,79915.0,3.03752361884,reported,consistent,nipfn-workbook-2012-2020,snapshot://raw/nipfn-maize-2012-2020/15a47b6fdc634fab7a69cd7576974d2f9eeb550218389d4a1526dd8123a92ab8.xlsx,false,train,true
narok,Narok,2013,256927.76,92919.0,2.76505773824,reported,consistent,nipfn-workbook-2012-2020,snapshot://raw/nipfn-maize-2012-2020/15a47b6fdc634fab7a69cd7576974d2f9eeb550218389d4a1526dd8123a92ab8.xlsx,false,train,true
nyamira,Nyamira,2013,69937.6,29249.0,2.39111422527,reported,consistent,nipfn-workbook-2012-2020,snapshot://raw/nipfn-maize-2012-2020/15a47b6fdc634fab7a69cd7576974d2f9eeb550218389d4a1526dd8123a92ab8.xlsx,false,train,true
nyandarua,Nyandarua,2013,132985.83,53342.0,2.49308293652,reported,consistent,nipfn-workbook-2012-2020,snapshot://raw/nipfn-maize-2012-2020/15a47b6fdc634fab7a69cd7576974d2f9eeb550218389d4a1526dd8123a92ab8.xlsx,false,train,true
nyeri,Nyeri,2013,108846.19,40575.0,2.68259248201,reported,consistent,nipfn-workbook-2012-2020,snapshot://raw/nipfn-maize-2012-2020/15a47b6fdc634fab7a69cd7576974d2f9eeb550218389d4a1526dd8123a92ab8.xlsx,false,train,true
samburu,Samburu,2013,2316.48,1470.0,1.57583673469,reported,consistent,nipfn-workbook-2012-2020,snapshot://raw/nipfn-maize-2012-2020/15a47b6fdc634fab7a69cd7576974d2f9eeb550218389d4a1526dd8123a92ab8.xlsx,false,train,true
siaya,Siaya,2013,92162.44,52639.0,1.75008567792,reported,consistent,nipfn-workbook-2012-2020,snapshot://raw/nipfn-maize-2012-2020/15a47b6fdc634fab7a69cd7576974d2f9eeb550218389d4a1526dd8123a92ab8.xlsx,false,train,true
taita_taveta,Taita Taveta,2013,21392.73,14527.0,1.47261926069,reported,consistent,nipfn-workbook-2012-2020,snapshot://raw/nipfn-maize-2012-2020/15a47b6fdc634fab7a69cd7576974d2f9eeb550218389d4a1526dd8123a92ab8.xlsx,false,train,true
tana_river,Tana River,2013,7418.17,4488.0,1.65288948307,reported,consistent,nipfn-workbook-2012-2020,snapshot://raw/nipfn-maize-2012-2020/15a47b6fdc634fab7a69cd7576974d2f9eeb550218389d4a1526dd8123a92ab8.xlsx,false,train,true
tharaka_nithi,Tharaka Nithi,2013,86477.58,32670.0,2.64669666361,reported,consistent,nipfn-workbook-2012-2020,snapshot://raw/nipfn-maize-2012-2020/15a47b6fdc634fab7a69cd7576974d2f9eeb550218389d4a1526dd8123a92ab8.xlsx,false,train,true
trans_nzoia,Trans Nzoia,2013,480186.95,139160.0,3.45003068267,reported,consistent,nipfn-workbook-2012-2020,snapshot://raw/nipfn-maize-2012-2020/15a47b6fdc634fab7a69cd7576974d2f9eeb550218389d4a1526dd8123a92ab8.xlsx,false,train,true
turkana,Turkana,2013,4677.89,4427.0,1.05666252541,reported,consistent,nipfn-workbook-2012-2020,snapshot://raw/nipfn-maize-2012-2020/15a47b6fdc634fab7a69cd7576974d2f9eeb550218389d4a1526dd8123a92ab8.xlsx,false,train,true
uasin_gishu,Uasin Gishu,2013,486167.22,144002.0,3.37611422064,reported,consistent,nipfn-workbook-2012-2020,snapshot://raw/nipfn-maize-2012-2020/15a47b6fdc634fab7a69cd7576974d2f9eeb550218389d4a1526dd8123a92ab8.xlsx,false,train,true
vihiga,Vihiga,2013,73728.86,31495.0,2.34099126846,reported,consistent,nipfn-workbook-2012-2020,snapshot://raw/nipfn-maize-2012-2020/15a47b6fdc634fab7a69cd7576974d2f9eeb550218389d4a1526dd8123a92ab8.xlsx,false,train,true
wajir,Wajir,2013,209.22,176.0,1.18875,reported,consistent,nipfn-workbook-2012-2020,snapshot://raw/nipfn-maize-2012-2020/15a47b6fdc634fab7a69cd7576974d2f9eeb550218389d4a1526dd8123a92ab8.xlsx,false,train,true
west_pokot,West Pokot,2013,105095.42,47771.0,2.20040401164,reported,consistent,nipfn-workbook-2012-2020,snapshot://raw/nipfn-maize-2012-2020/15a47b6fdc634fab7a69cd7576974d2f9eeb550218389d4a1526dd8123a92ab8.xlsx,false,train,true
baringo,Baringo,2014,64900.02,35465.0,1.82925137459,reported,consistent,nipfn-workbook-2012-2020,snapshot://raw/nipfn-maize-2012-2020/15a47b6fdc634fab7a69cd7576974d2f9eeb550218389d4a1526dd8123a92ab8.xlsx,false,train,true
bomet,Bomet,2014,80772.0,31520.0,2.56256345178,reported,consistent,nipfn-workbook-2012-2020,snapshot://raw/nipfn-maize-2012-2020/15a47b6fdc634fab7a69cd7576974d2f9eeb550218389d4a1526dd8123a92ab8.xlsx,false,train,true
bungoma,Bungoma,2014,255274.33,95802.0,2.66459677251,reported,consistent,nipfn-workbook-2012-2020,snapshot://raw/nipfn-maize-2012-2020/15a47b6fdc634fab7a69cd7576974d2f9eeb550218389d4a1526dd8123a92ab8.xlsx,false,train,true
busia,Busia,2014,68631.24,43812.0,1.56646580845,reported,consistent,nipfn-workbook-2012-2020,snapshot://raw/nipfn-maize-2012-2020/15a47b6fdc634fab7a69cd7576974d2f9eeb550218389d4a1526dd8123a92ab8.xlsx,false,train,true
elgeyo_marakwet,Elgeyo Marakwet,2014,100057.13,33290.0,3.00562090658,reported,consistent,nipfn-workbook-2012-2020,snapshot://raw/nipfn-maize-2012-2020/15a47b6fdc634fab7a69cd7576974d2f9eeb550218389d4a1526dd8123a92ab8.xlsx,false,train,true
embu,Embu,2014,104591.0,41000.0,2.5509999999999997,reported,consistent,nipfn-workbook-2012-2020,snapshot://raw/nipfn-maize-2012-2020/15a47b6fdc634fab7a69cd7576974d2f9eeb550218389d4a1526dd8123a92ab8.xlsx,false,train,true
garissa,Garissa,2014,144.3,93.0,1.55161290323,reported,consistent,nipfn-workbook-2012-2020,snapshot://raw/nipfn-maize-2012-2020/15a47b6fdc634fab7a69cd7576974d2f9eeb550218389d4a1526dd8123a92ab8.xlsx,false,train,true
homa_bay,Homa Bay,2014,122287.09,60790.0,2.01130268136,reported,consistent,nipfn-workbook-2012-2020,snapshot://raw/nipfn-maize-2012-2020/15a47b6fdc634fab7a69cd7576974d2f9eeb550218389d4a1526dd8123a92ab8.xlsx,false,train,true
isiolo,Isiolo,2014,677.5,610.0,1.1106557377,reported,consistent,nipfn-workbook-2012-2020,snapshot://raw/nipfn-maize-2012-2020/15a47b6fdc634fab7a69cd7576974d2f9eeb550218389d4a1526dd8123a92ab8.xlsx,false,train,true
kajiado,Kajiado,2014,26962.02,18196.0,1.4817626929,reported,consistent,nipfn-workbook-2012-2020,snapshot://raw/nipfn-maize-2012-2020/15a47b6fdc634fab7a69cd7576974d2f9eeb550218389d4a1526dd8123a92ab8.xlsx,false,train,true
kakamega,Kakamega,2014,205580.01,81833.0,2.5121871531,reported,consistent,nipfn-workbook-2012-2020,snapshot://raw/nipfn-maize-2012-2020/15a47b6fdc634fab7a69cd7576974d2f9eeb550218389d4a1526dd8123a92ab8.xlsx,false,train,true
kericho,Kericho,2014,113246.6,41160.0,2.75137512148,reported,consistent,nipfn-workbook-2012-2020,snapshot://raw/nipfn-maize-2012-2020/15a47b6fdc634fab7a69cd7576974d2f9eeb550218389d4a1526dd8123a92ab8.xlsx,false,train,true
kiambu,Kiambu,2014,79882.61,30103.0,2.65361757964,reported,consistent,nipfn-workbook-2012-2020,snapshot://raw/nipfn-maize-2012-2020/15a47b6fdc634fab7a69cd7576974d2f9eeb550218389d4a1526dd8123a92ab8.xlsx,false,train,true
kilifi,Kilifi,2014,30073.98,29950.0,1.00413956594,reported,consistent,nipfn-workbook-2012-2020,snapshot://raw/nipfn-maize-2012-2020/15a47b6fdc634fab7a69cd7576974d2f9eeb550218389d4a1526dd8123a92ab8.xlsx,false,train,true
kirinyaga,Kirinyaga,2014,53227.02,18047.0,2.94935390979,reported,consistent,nipfn-workbook-2012-2020,snapshot://raw/nipfn-maize-2012-2020/15a47b6fdc634fab7a69cd7576974d2f9eeb550218389d4a1526dd8123a92ab8.xlsx,false,train,true
kisii,Kisii,2014,94388.14,42299.0,2.23144589707,reported,consistent,nipfn-workbook-2012-2020,snapshot://raw/nipfn-maize-2012-2020/15a47b6fdc634fab7a69cd7576974d2f9eeb550218389d4a1526dd8123a92ab8.xlsx,false,train,true
kisumu,Kisumu,2014,35399.43,28710.0,1.23369613375,reported,consistent,nipfn-workbook-2012-2020,snapshot://raw/nipfn-maize-2012-2020/15a47b6fdc634fab7a69cd7576974d2f9eeb550218389d4a1526dd8123a92ab8.xlsx,false,train,true
kitui,Kitui,2014,38180.92,38079.0,1.00267680349,reported,consistent,nipfn-workbook-2012-2020,snapshot://raw/nipfn-maize-2012-2020/15a47b6fdc634fab7a69cd7576974d2f9eeb550218389d4a1526dd8123a92ab8.xlsx,false,train,true
kwale,Kwale,2014,10845.48,13785.0,0.786758795792,reported,consistent,nipfn-workbook-2012-2020,snapshot://raw/nipfn-maize-2012-2020/15a47b6fdc634fab7a69cd7576974d2f9eeb550218389d4a1526dd8123a92ab8.xlsx,false,train,true
laikipia,Laikipia,2014,88136.72,40920.0,2.15387878788,reported,consistent,nipfn-workbook-2012-2020,snapshot://raw/nipfn-maize-2012-2020/15a47b6fdc634fab7a69cd7576974d2f9eeb550218389d4a1526dd8123a92ab8.xlsx,false,train,true
lamu,Lamu,2014,2789.45,3655.0,0.763187414501,reported,consistent,nipfn-workbook-2012-2020,snapshot://raw/nipfn-maize-2012-2020/15a47b6fdc634fab7a69cd7576974d2f9eeb550218389d4a1526dd8123a92ab8.xlsx,false,train,true
machakos,Machakos,2014,87969.7,64203.0,1.37017896438,reported,consistent,nipfn-workbook-2012-2020,snapshot://raw/nipfn-maize-2012-2020/15a47b6fdc634fab7a69cd7576974d2f9eeb550218389d4a1526dd8123a92ab8.xlsx,false,train,true
makueni,Makueni,2014,48642.74,46788.0,1.03964435325,reported,consistent,nipfn-workbook-2012-2020,snapshot://raw/nipfn-maize-2012-2020/15a47b6fdc634fab7a69cd7576974d2f9eeb550218389d4a1526dd8123a92ab8.xlsx,false,train,true
mandera,Mandera,2014,172.48,106.0,1.62716981132,reported,consistent,nipfn-workbook-2012-2020,snapshot://raw/nipfn-maize-2012-2020/15a47b6fdc634fab7a69cd7576974d2f9eeb550218389d4a1526dd8123a92ab8.xlsx,false,train,true
marsabit,Marsabit,2014,531.87,585.0,0.909179487179,reported,consistent,nipfn-workbook-2012-2020,snapshot://raw/nipfn-maize-2012-2020/15a47b6fdc634fab7a69cd7576974d2f9eeb550218389d4a1526dd8123a92ab8.xlsx,false,train,true
meru,Meru,2014,250011.96,85860.0,2.91138877242,reported,consistent,nipfn-workbook-2012-2020,snapshot://raw/nipfn-maize-2012-2020/15a47b6fdc634fab7a69cd7576974d2f9eeb550218389d4a1526dd8123a92ab8.xlsx,false,train,true
migori,Migori,2014,88321.85,43626.0,2.02452528309,reported,consistent,nipfn-workbook-2012-2020,snapshot://raw/nipfn-maize-2012-2020/15a47b6fdc634fab7a69cd7576974d2f9eeb550218389d4a1526dd8123a92ab8.xlsx,false,train,true
mombasa,Mombasa,2014,0.0,0.0,,reported,unusable_division_by_zero,nipfn-workbook-2012-2020,snapshot://raw/nipfn-maize-2012-2020/15a47b6fdc634fab7a69cd7576974d2f9eeb550218389d4a1526dd8123a92ab8.xlsx,false,train,false
muranga,Murang'a,2014,96530.34,37207.0,2.59441502943,reported,consistent,nipfn-workbook-2012-2020,snapshot://raw/nipfn-maize-2012-2020/15a47b6fdc634fab7a69cd7576974d2f9eeb550218389d4a1526dd8123a92ab8.xlsx,false,train,true
nairobi,Nairobi,2014,6888.06,4693.0,1.46797464309,reported,consistent,nipfn-workbook-2012-2020,snapshot://raw/nipfn-maize-2012-2020/15a47b6fdc634fab7a69cd7576974d2f9eeb550218389d4a1526dd8123a92ab8.xlsx,false,train,true
nakuru,Nakuru,2014,339085.12,132860.0,2.55222414421,reported,consistent,nipfn-workbook-2012-2020,snapshot://raw/nipfn-maize-2012-2020/15a47b6fdc634fab7a69cd7576974d2f9eeb550218389d4a1526dd8123a92ab8.xlsx,false,train,true
nandi,Nandi,2014,234236.18,78654.0,2.978065197,reported,consistent,nipfn-workbook-2012-2020,snapshot://raw/nipfn-maize-2012-2020/15a47b6fdc634fab7a69cd7576974d2f9eeb550218389d4a1526dd8123a92ab8.xlsx,false,train,true
narok,Narok,2014,248965.65,91010.0,2.73560652676,reported,consistent,nipfn-workbook-2012-2020,snapshot://raw/nipfn-maize-2012-2020/15a47b6fdc634fab7a69cd7576974d2f9eeb550218389d4a1526dd8123a92ab8.xlsx,false,train,true
nyamira,Nyamira,2014,67595.32,28233.0,2.39417702688,reported,consistent,nipfn-workbook-2012-2020,snapshot://raw/nipfn-maize-2012-2020/15a47b6fdc634fab7a69cd7576974d2f9eeb550218389d4a1526dd8123a92ab8.xlsx,false,train,true
nyandarua,Nyandarua,2014,126562.42,51528.0,2.45657215456,reported,consistent,nipfn-workbook-2012-2020,snapshot://raw/nipfn-maize-2012-2020/15a47b6fdc634fab7a69cd7576974d2f9eeb550218389d4a1526dd8123a92ab8.xlsx,false,train,true
nyeri,Nyeri,2014,103886.72,39408.0,2.63670422249,reported,consistent,nipfn-workbook-2012-2020,snapshot://raw/nipfn-maize-2012-2020/15a47b6fdc634fab7a69cd7576974d2f9eeb550218389d4a1526dd8123a92ab8.xlsx,false,train,true
samburu,Samburu,2014,2190.45,1430.0,1.53178321678,reported,consistent,nipfn-workbook-2012-2020,snapshot://raw/nipfn-maize-2012-2020/15a47b6fdc634fab7a69cd7576974d2f9eeb550218389d4a1526dd8123a92ab8.xlsx,false,train,true
siaya,Siaya,2014,88634.66,50836.0,1.74353332284,reported,consistent,nipfn-workbook-2012-2020,snapshot://raw/nipfn-maize-2012-2020/15a47b6fdc634fab7a69cd7576974d2f9eeb550218389d4a1526dd8123a92ab8.xlsx,false,train,true
taita_taveta,Taita Taveta,2014,20763.49,14137.0,1.468714013,reported,consistent,nipfn-workbook-2012-2020,snapshot://raw/nipfn-maize-2012-2020/15a47b6fdc634fab7a69cd7576974d2f9eeb550218389d4a1526dd8123a92ab8.xlsx,false,train,true
tana_river,Tana River,2014,6805.12,4292.0,1.58553681267,reported,consistent,nipfn-workbook-2012-2020,snapshot://raw/nipfn-maize-2012-2020/15a47b6fdc634fab7a69cd7576974d2f9eeb550218389d4a1526dd8123a92ab8.xlsx,false,train,true
tharaka_nithi,Tharaka Nithi,2014,81275.34,31559.0,2.57538895339,reported,consistent,nipfn-workbook-2012-2020,snapshot://raw/nipfn-maize-2012-2020/15a47b6fdc634fab7a69cd7576974d2f9eeb550218389d4a1526dd8123a92ab8.xlsx,false,train,true
trans_nzoia,Trans Nzoia,2014,456885.12,136842.0,3.33882580348,reported,consistent,nipfn-workbook-2012-2020,snapshot://raw/nipfn-maize-2012-2020/15a47b6fdc634fab7a69cd7576974d2f9eeb550218389d4a1526dd8123a92ab8.xlsx,false,train,true
turkana,Turkana,2014,4320.78,4217.0,1.02461086199,reported,consistent,nipfn-workbook-2012-2020,snapshot://raw/nipfn-maize-2012-2020/15a47b6fdc634fab7a69cd7576974d2f9eeb550218389d4a1526dd8123a92ab8.xlsx,false,train,true
uasin_gishu,Uasin Gishu,2014,461298.43,140831.0,3.27554484027,reported,consistent,nipfn-workbook-2012-2020,snapshot://raw/nipfn-maize-2012-2020/15a47b6fdc634fab7a69cd7576974d2f9eeb550218389d4a1526dd8123a92ab8.xlsx,false,train,true
vihiga,Vihiga,2014,69985.7,30579.0,2.28868635338,reported,consistent,nipfn-workbook-2012-2020,snapshot://raw/nipfn-maize-2012-2020/15a47b6fdc634fab7a69cd7576974d2f9eeb550218389d4a1526dd8123a92ab8.xlsx,false,train,true
wajir,Wajir,2014,188.76,169.0,1.11692307692,reported,consistent,nipfn-workbook-2012-2020,snapshot://raw/nipfn-maize-2012-2020/15a47b6fdc634fab7a69cd7576974d2f9eeb550218389d4a1526dd8123a92ab8.xlsx,false,train,true
west_pokot,West Pokot,2014,101570.67,46595.0,2.18092928426,reported,consistent,nipfn-workbook-2012-2020,snapshot://raw/nipfn-maize-2012-2020/15a47b6fdc634fab7a69cd7576974d2f9eeb550218389d4a1526dd8123a92ab8.xlsx,false,train,true
